\\NASSY\Music\NIRVANA DISCOGRAPHY @320Kbps CbR Mp3 [TuGAZx]\12 - The Ultimate Best Of Nirvana (2011)\02. You Know You're Right.mp3	3
\\NASSY\Music\R.H.C.P.-Discography.1984-2013.MP3.320\1. Studio Albums\1991 - Blood Sugar Sex Magik\09. Give It Away.mp3	99
\\NASSY\Music\QUEENS OF THE STONE AGE - DISCOGRAPHY (1997-13) [CHANNEL NEO]\[2002] Songs For The Deaf\02 - No One Knows.mp3	99
\\NASSY\Music\QUEENS OF THE STONE AGE - DISCOGRAPHY (1997-13) [CHANNEL NEO]\[2004] Stone Age Complication [EP]\03 - No One Knows (UNKLE Remix).mp3	-99
\\NASSY\Music\QUEENS OF THE STONE AGE - DISCOGRAPHY (1997-13) [CHANNEL NEO]\[2002] Sample This School Boy [EP]\02 - No One Knows (Studio Version).mp3	-99
\\NASSY\Music\Green Day Complete Official Discography (1990-2012) [WwW.LoKoTorrents.CoM]\1992 - Kerplunk\10. No One Knows.mp3	-99
\\NASSY\Music\Green Day Complete Official Discography (1990-2012) [WwW.LoKoTorrents.CoM]\1992 - Kerplunk\10. Green Day - No One Knows.mp3 -99
\\NASSY\Music\Weezer [Discography]\1994 - Weezer (The Blue Album) [Deluxe Edition]\disc 1\07 - Say It Ain't So - [Weezer] .mp3	2
\\NASSY\Music\Best of Rock Collection (1980-1989) MP3\Disc 3\18. Foreigner - I Want to Know What Love Is (1984).mp3	11
\\NASSY\Music\Punk Goes Pop, Vol 6 [15 Tracks] (320kbps)\13. Blank Space.mp3	4
\\NASSY\Music\Black Sabbath - The Black Box (Discography from 1970-1978)\Paranoid\02 Paranoid.mp3	99
\\NASSY\Music\Classic Rock Music - Compilation Mix - Playlist\Black Sabbath - Paranoid.mp3	-99
\\NASSY\Music\The Killers Discography\The Killers - Live From The Royal Albert Hall\19-sweet_talk.mp3	-1
\\NASSY\Music\Punk Goes Pop, Vol 6 [15 Tracks] (320kbps)\5. Burn.mp3	2
\\NASSY\Music\Soundgarden\03 - Singles, EP's\1994 - Black Hole Sun (CDS) [A&M Rec., 31458 8296 2]\02. Beyond The Wheel (Live).mp3	-1
\\NASSY\Music\NIRVANA DISCOGRAPHY @320Kbps CbR Mp3 [TuGAZx]\5 - MTV Unplugged In New York (1994)\13 - All Apologies.mp3	-111
\\NASSY\Music\NIRVANA DISCOGRAPHY @320Kbps CbR Mp3 [TuGAZx]\4 - In Utero (1993)\12 - Nirvana - All Apologies.mp3	99
\\NASSY\Music\3 Doors Down - The Greatest Hits (2012)\01 - Kryptonite [Remaster].mp3	50
\\NASSY\Music\Various Artist -  Punk Goes Pop (Volume 3)\02-woe_is_me-hot_n_cold.mp3	6
\\NASSY\Music\Various Artist -  Punk Goes Pop (Volume 3)\12-cute_is_what_we_aim_for-dead_and_gone.mp3	-4
\\NASSY\Music\Best of Rock Collection (1980-1989) MP3\Lynyrd Skynyrd - All Time Greatest Hits (MP3@320) [FrankFoo]\CD\01. Sweet Home Alabama.mp3	99
\\NASSY\Music\Lynyrd Skynyrd - All Time Greatest Hits (MP3@320) [FrankFoo]\CD\01. Sweet Home Alabama.mp3	-99
\\NASSY\Music\Pearl Jam - Discography\4. Singles\1992 - Jeremy\01 Jeremy.mp3	99
\\NASSY\Music\The Strokes Discography (2001-2013)\[2003] The Strokes - Room on Fire\02 - Reptilia.mp3	99
\\NASSY\Music\NIRVANA DISCOGRAPHY @320Kbps CbR Mp3 [TuGAZx]\12 - The Ultimate Best Of Nirvana (2011)\01. Come As You Are.mp3	5
\\NASSY\Music\AcDc - Complete Discography Mp3 320Kbps\AcDc - 1980 - Back In Black\01 -Hells Bells.mp3	99
\\NASSY\Music\Oasis\Oasis - What's The Story Morning Glory [1995]\10  Oasis - Wonderwall.mp3	99
\\NASSY\Music\Wolfmother\EP's\2004 - Wolfmother EP\02 - Woman.mp3	50
\\NASSY\Music\Classic Rock Music - Compilation Mix - Playlist\Foghat - Slow Ride.mp3	99
\\NASSY\Music\Punk Goes Pop 4 [CDRip][320kbps]\04 Roll Up - The Ready Set featuring Mod Sun.mp3	-6
\\NASSY\Music\The Killers Discography\[2007] Don't Shoot Me Santa\02 - Don't Shoot Me Santa.mp3	0
\\NASSY\Music\Best of Rock Collection (1980-1989) MP3\Iron Maiden-Greatest Hits[www.lokotorrents.com][mp3]\CD1\04 - The Number Of The Beast.mp3	99
\\NASSY\Music\Metallica - Discography 1983-2008 (19 Albums, 23 CDs)\Metallica - 2003 - St. Anger\03 - Some Kind Of Monster.mp3	-999
\\NASSY\Music\Metallica - Discography 1983-2008 (19 Albums, 23 CDs)\Metallica - St. Anger 2003 320kbps CBR MP3 [VX]\3 - Metallica - Some Kind Of Monster.mp3	99
\\NASSY\Music\Sum 41\All Killer No Filler\04 Fat Lip 1.mp3	2
\\NASSY\Music\Oasis\Oasis - Definitely Maybe [1994]\11  Oasis - Married With Children.mp3	1
\\NASSY\Music\Third Eye Blind - Collection\01 - Semi-Charmed Life.mp3	99
\\NASSY\Music\Best of Rock Collection (1980-1989) MP3\Disc 2\10. Rush - Tom Sawyer (1981).mp3	1
\\NASSY\Music\Ramones\(1996) Unreleased Tracks\09 - I Got You Baby.mp3	-2
\\NASSY\Music\Best of Rock Collection (1980-1989) MP3\Disc 7\12. Lenny Kravitz - Let Love Rule (1989).mp3	1
\\NASSY\Music\NIRVANA DISCOGRAPHY @320Kbps CbR Mp3 [TuGAZx]\2 - Nevermind (1991)\01.Smells Like Teen Spirit.mp3	2
\\NASSY\Music\The Rolling Stones - Greatest Hits-Universal\CD 1\01. (I Can't Get No) Satisfaction.mp3	5
\\NASSY\Music\Mountain\Albums\1974-Avalanche(320kbps)\05 (I Can't Get No) Satisfaction.mp3	-999
\\NASSY\Music\Best of Rock Collection (1980-1989) MP3\The Rolling Stones - Greatest Hits-Universal\CD 1\01. (I Can't Get No) Satisfaction.mp3	-999
\\NASSY\Music\Best of Rock Collection (1980-1989) MP3\Disc 6\13. Def Leppard - Pour Some Sugar on Me (1987).mp3	2
\\NASSY\Music\Classic Rock Music - Compilation Mix - Playlist\Def Leppard - Pour Some Sugar On Me.mp3	-999
\\NASSY\Music\AFI - DISCOGRAPHY (1993-13) [CHANNEL NEO]\[2006] Decemberunderground (UK Version)\03 - Miss Murder.mp3	2
\\NASSY\Music\FALL OUT BOY - DISCOGRAPHY [CHANNEL NEO]\[2005] From Under The Cork Tree [Limited Edition]\04 - Sugar, We're Goin' Down.mp3	2
\\NASSY\Music\Punk Goes Pop 4 [CDRip][320kbps]\06 Rolling in the Deep - Go Radio.mp3	5
\\NASSY\Music\Sum 41\Chuck\02 No Reason 1.mp3	1
\\NASSY\Music\Muse\Black Holes And Revelations\11 Knights Of Cydonia.mp3	5
\\NASSY\Music\Soundgarden\03 - Singles, EP's\1994 - Black Hole Sun (CDS) [A&M Rec., 580 737-2]\01. Black Hole Sun.mp3	99
\\NASSY\Music\Unorganized\The Devil Went Down to Georgia - Charlie Daniels Band.mp3	99
\\NASSY\Music\Unorganized\The Devil Went Down to Georgia - Steve Ouimette (re-encoded).mp3	99
\\NASSY\Music\Metallica - Discography 1983-2008 (19 Albums, 23 CDs)\Metallica - 1999 - S & M\Metallica - 1999 - S & M - CD 2\09 - Enter Sandman.mp3	3
\\NASSY\Music\AVENGED SEVENFOLD - DISCOGRAPHY (1999-13) [CHANNEL NEO]\[2005] City Of Evil (Clean Edition)\09 - Strength Of The World.mp3	1
\\NASSY\Music\Oasis\Oasis - Familiar to Millions\12. Champagne Supernova.mp3	-99
\\NASSY\Music\Green Day Complete Official Discography (1990-2012) [WwW.LoKoTorrents.CoM]\2012 - DOS\04. Lazy Bones.mp3	-1
\\NASSY\Music\Classic Rock Music - Compilation Mix - Playlist\Stealers Wheel - Stuck In The Middle With You.mp3	55
\\NASSY\Music\AVENGED SEVENFOLD - DISCOGRAPHY (1999-13) [CHANNEL NEO]\[2009] St. Louis, MO, USA [Live]\02 - Afterlife.mp3	-999
\\NASSY\Music\Rage Against The Machine\Compil\02 - Bulls On Parade.mp3	1
\\NASSY\Music\Soundgarden\03 - Singles, EP's\1994 - Black Hole Sun (CDS) [A&M Rec., 31458 8296 2]\03. Spoonman (Steve Fisk Remix).mp3	-9992
\\NASSY\Music\Weezer [Discography]\1994 - Weezer (The Blue Album) [Deluxe Edition]\disc 2\09 - Undone - The Sweater Song (Previously Unreleased Kitchen Tapes).mp3	1
\\NASSY\Music\Weezer [Discography]\1994 - Weezer (The Blue Album) [Deluxe Edition]\disc 1\05 - Undone (The Sweater Song) - [Weezer].mp3	5
\\NASSY\Music\Punk Goes Pop, Vol 6 [15 Tracks] (320kbps)\8. Hold On, We're Going Home.mp3	-2
\\NASSY\Music\Punk Goes Pop 4 [CDRip][320kbps]\11 Till the World Ends - I See Stars.mp3	1
\\NASSY\Music\Punk Goes Pop 4 [CDRip][320kbps]\13 Super Bass - The Downtown Fiction.mp3	-3
\\NASSY\Music\The Killers Discography\[2006] Sam's Town (Bonus Track Version)\06 - Read My Mind.mp3	5
\\NASSY\Music\FOO FIGHTERS - DISCOGRAPHY (1995-14) [CHANNEL NEO]\[Bonus Track]\01 - Wheels.mp3	8
\\NASSY\Music\Punk Goes Pop, Vol 6 [15 Tracks] (320kbps)\15. Animals.mp3	3
\\NASSY\Music\Best of Rock Collection (1980-1989) MP3\Disc 4\09. The Clash - Should I Stay or Should I Go (1982).mp3	1
\\NASSY\Music\Rage Against The Machine\B Side, Rare et Live\Rage Against The Machine - In My Eyes (Minor Threat Cover).mp3	-999
\\NASSY\Music\Aerosmith - Complete Discography\1989 - Pump\06. Dulcimer stomp_The other side.mp3	1
\\NASSY\Music\AVENGED SEVENFOLD - DISCOGRAPHY (1999-13) [CHANNEL NEO]\[2005] City Of Evil\09 - Strength of the World.mp3	1
\\NASSY\Music\Weezer [Discography]\2009 - Raditude [Japanese Edition 2CD]\Disc 2\02 - Run Over By A Truck.mp3	-1
\\NASSY\Music\System Of A Down\Toxicity\14 - Aerials.mp3	5
\\NASSY\Music\AVENGED SEVENFOLD - DISCOGRAPHY (1999-13) [CHANNEL NEO]\[2005] City Of Evil\08 - The Wicked End.mp3	-2
\\NASSY\Music\More Classic Rock Music 2 - Compilation Mix - Playlist\The Beatles - Something.mp3	2
\\NASSY\Music\Various Artist -  Punk Goes Pop (Volume 3)\14-we_came_as_romans-my_love.mp3	0
\\NASSY\Music\FOO FIGHTERS - DISCOGRAPHY (1995-14) [CHANNEL NEO]\[1997] The Colour And The Shape (10th Anniversery Edition)\11 - Everlong.mp3	99
\\NASSY\Music\Metallica - Discography 1983-2008 (19 Albums, 23 CDs)\Metallica - 1988 - And Justice For All\04 - One.mp3	1
\\NASSY\Music\AVENGED SEVENFOLD - DISCOGRAPHY (1999-13) [CHANNEL NEO]\[2007] Avenged Sevenfold\02 - Almost Easy.mp3	1
\\NASSY\Music\Weezer [Discography]\2009 - Raditude [Japanese Edition 2CD]\Disc 1\07 - Love Is The Answer.mp3	-1
\\NASSY\Music\Audioslave - Discografia\2005 - Out Of Exile\04 - Doesnt Remind Me.mp3	1
\\NASSY\Music\Punk Goes Pop 4 [CDRip][320kbps]\09 Love the Way You Lie - A Skylit Drive.mp3	2
\\NASSY\Music\Aerosmith - Complete Discography\2006 - Devil's Got A New Disguise_ The Very Best Of Aerosmith\01.Dream On.mp3	99
\\NASSY\Music\V.A.The.All.Time.Greatest.Rock.Songs.Of.The.60s.70s.80s.And.90s-TDG\Cd2-TDG\17.Are.You.Gonna.Go.My.Way.Lenny.Kravitz-TDG.mp3	99
\\NASSY\Music\System Of A Down\Toxicity\12 - Toxicity.mp3	1
\\NASSY\Music\Best of Rock Collection (1980-1989) MP3\R.H.C.P.-Discography.1984-2013.MP3.320\1. Studio Albums\2006 - Stadium Arcadium\1-Jupiter\01. Dani California.mp3	99
\\NASSY\Music\Blink 182 Discography\(1999)Enema Of The State\08 - All The Small Things.mp3	15
\\NASSY\Music\R.H.C.P.-Discography.1984-2013.MP3.320\4. Singles\2000 - Road Trippin' (Single  2 CD)\CD3\04. Under The Bridge (Live).mp3	-99
\\NASSY\Music\Green Day Complete Official Discography (1990-2012) [WwW.LoKoTorrents.CoM]\Compilation (Official)\2010 - The Original Broadway Cast Recording American Idiot\Disc 2\08. Wake Me Up When September Ends.mp3	1
\\NASSY\Music\Ramones\(1976) Ramones\04 - I Wanna Be Your Boyfriend.mp3	-1
\\NASSY\Music\3 Doors Down - The Greatest Hits (2012)\02 - When I'm Gone [Remaster].mp3	1
\\NASSY\Music\Radiohead\Albums\Pablo Honey\02 - Creep.mp3	10
\\NASSY\Music\R.E.M. - In Time-The Best Of REM 1988-2003\06-rem-losing_my_religion.mp3	99
\\NASSY\Music\Green Day Complete Official Discography (1990-2012) [WwW.LoKoTorrents.CoM]\Singles\2009 - 21 Guns (W817)\01. 21 Guns.mp3	1
\\NASSY\Music\Punk Goes Pop, Vol 6 [15 Tracks] (320kbps)\14. Chandelier.mp3	2
\\NASSY\Music\Punk Goes Pop 4 [CDRip][320kbps]\10 Yeah 3X - Allstar Weekend.mp3	-6
\\NASSY\Music\The Offspring\2005 Greatest Hits\03-Self Esteem.mp3	99
\\NASSY\Music\The Offspring\1994 Smash\08-Self Esteem.mp3	-99
\\NASSY\Music\Unorganized\The Verve - Bitter Sweet Symphony [Single] [1997]- Sebastian[Ub3r]\The Verve - Bitter Sweet Symphony [Single] [1997]- Sebastian[Ub3r].mp3	99
\\NASSY\Music\The Presidents Of The United States Of America\The Presidents Of The United States Of America - Ten Year Super Bonus Special (Anniversary Edition)\03. Lump.mp3	10
\\NASSY\Music\The Presidents Of The United States Of America\The Presidents Of The United States Of America - The Presidents Of The United States Of America\03. Lump.mp3	-999
\\NASSY\Music\The Presidents Of The United States Of America\The Presidents Of The United States Of America - Pure Frosting\13. Lump (Live).mp3	-99
\\NASSY\Music\The Presidents Of The United States Of America\The Presidents Of The United States Of America - Love Everybody\16. Lump (Bonus Track).mp3	-99
\\NASSY\Music\The Presidents Of The United States Of America\The Presidents Of The United States Of America - Ten Year Super Bonus Special (Anniversary Edition)\21. Lump (Demo Version).mp3	-99
\\NASSY\Music\Oasis\Oasis - What's The Story Morning Glory [1995]\09  Oasis - Don't Look Back In Anger.mp3	99
\\NASSY\Music\Oasis\Oasis - Familiar to Millions\10. Dont Look Back in Anger.mp3	-99
\\NASSY\Music\Oasis\Oasis-Stop_The_Clocks-(Deluxe_Edition)-3CD-2006-EON\209-oasis-dont_look_back_in_anger.mp3	-99
\\NASSY\Music\Betraying The Martyrs - Phantom 2014 [MP3@192kbps] - the.HH\04 Let It Go.mp3	2
\\NASSY\Music\Green Day Complete Official Discography (1990-2012) [WwW.LoKoTorrents.CoM]\Compilation (Official)\2006 - Greatest Hits\CD1\01. Holiday.mp3	4
\\NASSY\Music\Green Day Complete Official Discography (1990-2012) [WwW.LoKoTorrents.CoM]\Compilation (Official)\2006 - Greatest Hits\CD1\02. American Idiot.mp3	3
\\NASSY\Music\V.A.The.All.Time.Greatest.Rock.Songs.Of.The.60s.70s.80s.And.90s-TDG\Cd2-TDG\14.House.Of.The.Rising.Sun.The.Animals-TDG.mp3	1
\\NASSY\Music\Ramones\(1981) Pleasant Dreams\11 - This Business Is Killing Me.mp3	-1
\\NASSY\Music\Various Artist -  Punk Goes Pop (Volume 3)\01-breathe_carolina-down.mp3	-1
\\NASSY\Music\Green Day Complete Official Discography (1990-2012) [WwW.LoKoTorrents.CoM]\1997 - Nimrod\08. Platypus (I Hate You).mp3	-1
\\NASSY\Music\Various Artist -  Punk Goes Pop (Volume 3)\11-the_ready_set-airplanes.mp3	-1
\\NASSY\Music\QUEENS OF THE STONE AGE - DISCOGRAPHY (1997-13) [CHANNEL NEO]\[2002] Songs For The Deaf\05 - The Sky Is Fallin'.mp3	-2
\\NASSY\Music\Rage Against The Machine\2002 - 30 For A Revolution\2002-CD1\04 - Mic Check.mp3	-1
\\NASSY\Music\Green Day Complete Official Discography (1990-2012) [WwW.LoKoTorrents.CoM]\Compilation (Official)\2001 - International Superhits\06. When I Come Around.mp3	5
\\NASSY\Music\Soundgarden\05 - Remasters\1990 - Screaming Life - Fopp [2013, Sub Pop, SP1065]\09. Fopp (Dub).mp3	-1
\\NASSY\Music\FOO FIGHTERS - DISCOGRAPHY (1995-14) [CHANNEL NEO]\[2002] One By One (Bonus Disc Edition)\10 - Burn Away.mp3	-1
\\NASSY\Music\Best of Rock Collection (1980-1989) MP3\Ozzy Osbourne - Greatest Hits 2CD (2009) 320 vtwin88cube\Disc 2\07. Breaking All The Rules.mp3	-1
\\NASSY\Music\Guns N' Roses - The Ultimate Best Of_2014\06. Welcome To The Jungle.mp3	2
\\NASSY\Music\NIRVANA DISCOGRAPHY @320Kbps CbR Mp3 [TuGAZx]\5 - MTV Unplugged In New York (1994)\08 - On A Plain.mp3	-1
\\NASSY\Music\Classic Rock Music - Compilation Mix - Playlist\Tom Petty And The Heartbreakers - Free Fallin'.mp3	1
\\NASSY\Music\The Smashing Pumpkins - Discografia\10. Greatest Hits  (2001)\Disc 1 (Rotten Apples)\05. The Smashing Pumpkins - Today.mp3	2
\\NASSY\Music\V.A.The.All.Time.Greatest.Rock.Songs.Of.The.60s.70s.80s.And.90s-TDG\Cd2-TDG\07.Knockin.On.Heaven's.Door.Bob.Dylan-TDG.mp3	1
\\NASSY\Music\The Smashing Pumpkins - Discografia\10. Greatest Hits  (2001)\Disc 1 (Rotten Apples)\15. The Smashing Pumpkins - The Everlasting Gaze.mp3	-2
\\NASSY\Music\Best of Rock Collection (1980-1989) MP3\Disc 1\09. Journey - Don't Stop Believin' (1981).mp3	1
\\NASSY\Music\Iron Maiden-Greatest Hits[www.lokotorrents.com][mp3]\CD2\11 - No More Lies .mp3	2
\\NASSY\Music\R.H.C.P.-Discography.1984-2013.MP3.320\7. Other Editions\1999 - Californication (2 Discs Australia Only)\CD 1\07. Easily.mp3	1
\\NASSY\Music\R.H.C.P.-Discography.1984-2013.MP3.320\4. Singles\1999 - Californication (Single)\01. Californication.mp3	99
\\NASSY\Music\The Offspring\2005 Greatest Hits\02-Come Out And Play.mp3	99
\\NASSY\Music\The Offspring\1994 Smash\07-Come Out And Play.mp3	-99
\\NASSY\Music\Smash Mouth - All Star Smash Hits [320 Kbps]\Smash Mouth - All Star.mp3	99
\\NASSY\Music\Best of Rock Collection (1980-1989) MP3\Disc 2\07. U2 - Sunday Bloody Sunday (1983).mp3	99
\\NASSY\Music\U2 - Discography\U2 - (1987) The Joshua Tree\03-With Or Without You.mp3	99
\\NASSY\Music\U2 - Discography\U2 - (1987) The Joshua Tree\02-I Still Haven't Found What I'm Looking For.mp3	99
\\NASSY\Music\U2 - Discography\U2 - (1998) The Best Of 1980-1990\10 - Sweetest Thing (The Single Mix).mp3	99
\\NASSY\Music\Classic Rock Music - Compilation Mix - Playlist\Eagles - Hotel California.mp3	99
\\NASSY\Music\Unorganized\Semisonic - Closing Time.mp3	99
\\NASSY\Music\Unorganized\07 - Spin Doctors - Two Princes.mp3	99
\\NASSY\Music\Bon Jovi - Greatest Hits - The Ultimate Collection [MP3-320][MJN]\CD1\01 - Livin' On a Prayer.mp3	5
\\NASSY\Music\Bon Jovi - Greatest Hits - The Ultimate Collection [MP3-320][MJN]\CD1\02 - You Give Love a Bad Name.mp3	5
\\NASSY\Music\More Classic Rock Music 2 - Compilation Mix - Playlist\Bad Company - Shooting Star.mp3	10
\\NASSY\Music\Classic Rock Music - Compilation Mix - Playlist\Kansas - Carry On Wayward Son.mp3	5
\\NASSY\Music\AFI - DISCOGRAPHY (1993-13) [CHANNEL NEO]\[2007]  I Heard A Voice (Live from Long Beach Arena)\02 - Girl's Not Grey.mp3	-99
\\NASSY\Music\AFI - DISCOGRAPHY (1993-13) [CHANNEL NEO]\[2003] Radio Session (Live)\01 - Girl's Not Grey (Acoustic).mp3	-99
\\NASSY\Music\Punk Goes Pop 4 [CDRip][320kbps]\03 Last Friday Night (T.G.I.F.) - Woe, Is Me.mp3	3
\\NASSY\Music\Unorganized\Bush - Machinehead.mp3	99
\\NASSY\Music\Classic Rock Music - Compilation Mix - Playlist\Deep Purple - Smoke on the water.mp3	99
\\NASSY\Music\Deep Purple - 1994 - Smoke On The Water, The Best Of\10 - Smoke On The Water.mp3	-99
\\NASSY\Music\Best of Rock Collection (1980-1989) MP3\The Rolling Stones - Greatest Hits-Universal\CD 1\02. Paint It Black.mp3	99
\\NASSY\Music\The Rolling Stones - Greatest Hits-Universal\CD 1\02. Paint It Black.mp3	-99
\\NASSY\Music\Classic Rock Music - Compilation Mix - Playlist\The Rolling Stones - Paint It Black.mp3	-99
\\NASSY\Music\Modest Mouse Discography [2015] VØ CDRIP\2004 • Modest_Mouse-Good_News_For_People_Who_Love_Bad_News-2004-RTB\03-modest_mouse-float_on-rtb.mp3	10
\\NASSY\Music\Modest Mouse Discography [2015] VØ CDRIP\MM +\Modest_Mouse-Float_On-(AUS_CDM)-2004-RTB\01-modest_mouse-float_on_(single_edit).mp3	-99
\\NASSY\Music\QUEENS OF THE STONE AGE - DISCOGRAPHY (1997-13) [CHANNEL NEO]\[2005] Over The Years And Through The Woods (Live)\01 - Go With The Flow.mp3	-99
\\NASSY\Music\QUEENS OF THE STONE AGE - DISCOGRAPHY (1997-13) [CHANNEL NEO]\[2002] Songs For The Deaf\08 - Go With The Flow.mp3	99
\\NASSY\Music\The All-American Rejects\2005 - Move Along\01 - Dirty Little Secret.mp3	50
\\NASSY\Music\The All-American Rejects\Singles\2006 - It Ends Tonight\02 - Dirty Little Secret (Live from the Wiltern).mp3	-999
\\NASSY\Music\Lenny Kravitz - Greatest Hits\Lenny Kravitz - 08 - American Woman.mp3	99
\\NASSY\Music\The Killers Discography\The Killers - Live From The Royal Albert Hall\23-when_you_were_young.mp3	-99
\\NASSY\Music\The Killers Discography\[2006] Sam's Town (Bonus Track Version)\03 - When You Were Young.mp3	50
\\NASSY\Music\Best of Rock Collection (1980-1989) MP3\Disc 6\08. Megadeth - Peace Sells (1986).mp3	5
\\NASSY\Music\JIMMY EAT WORLD - DISCOGRAPHY [CHANNEL NEO]\[2003] The Middle - A Praise Chorus Tour [EP]\01 - The Middle.mp3	-99
\\NASSY\Music\JIMMY EAT WORLD - DISCOGRAPHY [CHANNEL NEO]\[2002] Good To Go [EP]\01 - The Middle (Acoustic).mp3	-99
\\NASSY\Music\JIMMY EAT WORLD - DISCOGRAPHY [CHANNEL NEO]\[2001] Bleed American\03 - The Middle.mp3	99
\\NASSY\Music\JIMMY EAT WORLD - DISCOGRAPHY [CHANNEL NEO]\[2008] Bleed American (Remastered) (CD 1)\03 - The Middle.mp3	-99
\\NASSY\Music\JIMMY EAT WORLD - DISCOGRAPHY [CHANNEL NEO]\[2003] The Middle - A Praise Chorus Tour [EP]\05 - The Middle (Acoustic).mp3	-99
\\NASSY\Music\JIMMY EAT WORLD - DISCOGRAPHY [CHANNEL NEO]\[2008] Bleed American (Remastered) (CD 2)\07 - The Middle (Acoustic).mp3	-99
\\NASSY\Music\JIMMY EAT WORLD - DISCOGRAPHY [CHANNEL NEO]\[2008] Bleed American (Remastered) (CD 2)\17 - The Middle (Early Demo).mp3	-99
\\NASSY\Music\The Doors - The Best Of The Doors\01 The Doors - Break On Through.mp3	99
\\NASSY\Music\SLIPKNOT - DISCOGRAPHY (1996-14) [CHANNEL NEO]\[2004] Vol. 3 The Subliminal Verses (Australian Tour Edition)\CD 1\04 - Duality.mp3	99
\\NASSY\Music\SLIPKNOT - DISCOGRAPHY (1996-14) [CHANNEL NEO]\[2004] Vol. 3 The Subliminal Verses (Australian Tour Edition)\CD 1\10 - Before I Forget.mp3	99
\\NASSY\Music\SLIPKNOT - DISCOGRAPHY (1996-14) [CHANNEL NEO]\[2009] 9.0. (Live)\CD 1\04 - Before I Forget.mp3	-99
\\NASSY\Music\Rise Against - Discography (2001-2013)\2004 - Rise Against - Siren Song Of The Counter Culture\09 Give It All.mp3	99
\\NASSY\Music\Best of Rock Collection (1980-1989) MP3\Disc 1\01. Motorhead - Ace of Spades (1980).mp3	50
\\NASSY\Music\THREE DAYS GRACE - DISCOGRAPHY (2003-15) [CHANNEL NEO]\[2015] Human\02 - Painkiller.mp3	-99
\\NASSY\Music\Classic Rock Music - Compilation Mix - Playlist\Alice In Chains - Man in the Box.mp3	99
\\NASSY\Music\Punk Goes Pop, Vol 6 [15 Tracks] (320kbps)\1. Ain't It Fun (feat. Luke Holland).mp3	-3
\\NASSY\Music\AVENGED SEVENFOLD - DISCOGRAPHY (1999-13) [CHANNEL NEO]\[2009] St. Louis, MO, USA [Live]\04 - Scream.mp3	-2
\\NASSY\Music\Pearl Jam - Discography\3. Compilations\2011 - The Ultimate Best Of Pearl Jam\01 Alive.mp3	10
\\NASSY\Music\Various Artist -  Punk Goes Pop (Volume 3)\05-asking_alexandria-right_now_(na_na_na).mp3	-1
\\NASSY\Music\AcDc - Complete Discography Mp3 320Kbps\AcDc - 1977 - Let There Be Rock\03 -Let There Be Rock.mp3	1
\\NASSY\Music\BREAKING BENJAMIN - DISCOGRAPHY (2001-11) [CHANNEL NEO]\[2006] Phobia (Asian Edition)\02 - The Diary Of Jane.mp3	1
\\NASSY\Music\Metallica - Discography 1983-2008 (19 Albums, 23 CDs)\Metallica - 1986 - Master Of Puppets\01 - Battery.mp3	99
\\NASSY\Music\Metallica - Discography 1983-2008 (19 Albums, 23 CDs)\Metallica - 1993 - Live Shit, Binge And Purge\Metallica - 1993 - Live Shit, Binge And Purge - CD 3\06 - Battery.mp3	-99
\\NASSY\Music\Metallica - Discography 1983-2008 (19 Albums, 23 CDs)\Metallica - 1999 - S & M\Metallica - 1999 - S & M - CD 2\10 - Battery.mp3	-99
\\NASSY\Music\Metallica - Discography 1983-2008 (19 Albums, 23 CDs)\Metallica - 1987 - Creeping Death\11 - Battery.mp3	-99
\\NASSY\Music\Betraying The Martyrs - Phantom 2014 [MP3@192kbps] - the.HH\08 Afterlife.mp3	-1
\\NASSY\Music\Oasis\Oasis - What's The Story Morning Glory [1995]\04  Oasis - Champagne Supernova.mp3	99
\\NASSY\Music\Metallica - Discography 1983-2008 (19 Albums, 23 CDs)\Metallica - 1983 - Kill 'em All\05 - (Anesthesia) Pulling Teeth.mp3	-1
\\NASSY\Music\Rage Against The Machine\1996 - Live & Rare\12 Clear The Lane.mp3	-1
\\NASSY\Music\Black Sabbath - The Black Box (Discography from 1970-1978)\Paranoid\06 Hand of Doom.mp3	-1
\\NASSY\Music\Metallica - Discography 1983-2008 (19 Albums, 23 CDs)\Metallica - 1993 - Live Shit, Binge And Purge\Metallica - 1993 - Live Shit, Binge And Purge - CD 1\09 - Solos (Bass  Guitar).mp3	-1
\\NASSY\Music\V.A.The.All.Time.Greatest.Rock.Songs.Of.The.60s.70s.80s.And.90s-TDG\Cd1-TDG\09.I'll.Stand.By.You.The.Pretenders-TDG.mp3	-1
\\NASSY\Music\Iron Maiden-Greatest Hits[www.lokotorrents.com][mp3]\CD1\13 - The Clairvoyant .mp3	-1
\\NASSY\Music\Black Sabbath - The Black Box (Discography from 1970-1978)\Never Say Die!\02 Johnny Blade.mp3	-1
\\NASSY\Music\QUEENS OF THE STONE AGE - DISCOGRAPHY (1997-13) [CHANNEL NEO]\[1998] Queens Of The Stone Age\10 - Give The Mule What He Wants.mp3	-1
\\NASSY\Music\BREAKING BENJAMIN - DISCOGRAPHY (2001-11) [CHANNEL NEO]\[2001] Breaking Benjamin [EP]\05 - Shallow Bay.mp3	2
\\NASSY\Music\Jimi Hendrix - The Greatest Hits 2CD [Bubanee]\CD1\19 - Voodoo Child (Slight Return).mp3	1
\\NASSY\Music\Metallica - Discography 1983-2008 (19 Albums, 23 CDs)\Metallica - 1986 - Master Of Puppets\08 - Damage, Inc..mp3	-1
\\NASSY\Music\Metallica - Discography 1983-2008 (19 Albums, 23 CDs)\Metallica - 1986 - Master Of Puppets\02 - Master Of Puppets.mp3	3
\\NASSY\Music\R.H.C.P.-Discography.1984-2013.MP3.320\2. Live\1994 - Live in Holland (06.04.1990)\05. Medley Anarchy In The UK, Stone Cold Bush.mp3	-1
\\NASSY\Music\Iron Maiden-Greatest Hits[www.lokotorrents.com][mp3]\CD2\06 - The Clansman .mp3	-1
\\NASSY\Music\Various Artist -  Punk Goes Pop (Volume 3)\04-mayday_parade-in_my_head.mp3	-1
\\NASSY\Music\More Classic Rock Music 2 - Compilation Mix - Playlist\Warrant - Cherry Pie.mp3	0
\\NASSY\Music\Punk Goes Pop, Vol 6 [15 Tracks] (320kbps)\3. I Knew You Were Trouble.mp3	5
\\NASSY\Music\Nickleback - Greatest Hits\Nickleback - Photograph.mp3	5
\\NASSY\Music\Muse\Absolution\08 Hysteria.mp3	99
\\NASSY\Music\Creed - Greatest Hits (2004) [www.zonatorrent.com]\07 - With Arms Wide Open.mp3	5
\\NASSY\Music\Green Day Complete Official Discography (1990-2012) [WwW.LoKoTorrents.CoM]\1997 - Nimrod\16. King For A Day.mp3	-1
\\NASSY\Music\Various Artist -  Punk Goes Pop (Volume 3)\09-of_mice_and_men-blame_it.mp3	-1
\\NASSY\Music\Betraying The Martyrs - Phantom 2014 [MP3@192kbps] - the.HH\03 Walk Away.mp3	1
\\NASSY\Music\Oasis\Oasis-Stop_The_Clocks-(Deluxe_Edition)-3CD-2006-EON\208-oasis-champagne_supernova.mp3	-99
\\NASSY\Music\Punk Goes Pop, Vol 6 [15 Tracks] (320kbps)\2. Wrecking Ball.mp3	2
\\NASSY\Music\Blink 182 Discography\(2003) Blink 182\03 - I Miss You.mp3	5
\\NASSY\Music\More Classic Rock Music 2 - Compilation Mix - Playlist\Dire Straits - Sultans Of Swing.mp3	5
\\NASSY\Music\A Perfect Circle\Mer de Noms\04 Judith.mp3	99
\\NASSY\Music\Best of Rock Collection (1980-1989) MP3\R.H.C.P.-Discography.1984-2013.MP3.320\1. Studio Albums\1999 - Californication\01. Around the World.mp3	99
\\NASSY\Music\Best of Rock Collection (1980-1989) MP3\R.H.C.P.-Discography.1984-2013.MP3.320\4. Singles\1999 - Around The World (Single)\01. Around The World (Album Version).mp3	-99
\\NASSY\Music\R.H.C.P.-Discography.1984-2013.MP3.320\4. Singles\1999 - Around The World (Single)\01. Around The World (Album Version).mp3	-99
\\NASSY\Music\Best of Rock Collection (1980-1989) MP3\R.H.C.P.-Discography.1984-2013.MP3.320\6. Japanese Remastered 2006\1999 - Californication (Japan 2006)\01. Around The World.mp3	-99
\\NASSY\Music\Best of Rock Collection (1980-1989) MP3\R.H.C.P.-Discography.1984-2013.MP3.320\7. Other Editions\1999 - Californication (2 Discs Australia Only)\CD 1\01. Around the World.mp3	-99
\\NASSY\Music\R.H.C.P.-Discography.1984-2013.MP3.320\1. Studio Albums\1999 - Californication\01. Around the World.mp3	-99
\\NASSY\Music\R.H.C.P.-Discography.1984-2013.MP3.320\6. Japanese Remastered 2006\1999 - Californication (Japan 2006)\01. Around The World.mp3	-99
\\NASSY\Music\R.H.C.P.-Discography.1984-2013.MP3.320\7. Other Editions\1999 - Californication (2 Discs Australia Only)\CD 1\01. Around the World.mp3	-99
\\NASSY\Music\Best of Rock Collection (1980-1989) MP3\R.H.C.P.-Discography.1984-2013.MP3.320\2. Live\2004 - Live in Hyde Park (2 CD)\CD 1\03. Around the World.mp3	-99
\\NASSY\Music\R.H.C.P.-Discography.1984-2013.MP3.320\2. Live\2004 - Live in Hyde Park (2 CD)\CD 1\03. Around the World.mp3	-99
\\NASSY\Music\Best of Rock Collection (1980-1989) MP3\R.H.C.P.-Discography.1984-2013.MP3.320\3. Compilations\2011 - Road Trippin' Through Time\06. Around The World.mp3	99
\\NASSY\Music\R.H.C.P.-Discography.1984-2013.MP3.320\3. Compilations\2011 - Road Trippin' Through Time\06. Around The World.mp3	-99
\\NASSY\Music\Best of Rock Collection (1980-1989) MP3\R.H.C.P.-Discography.1984-2013.MP3.320\4. Singles\1992 - Suck My Kiss (Single)\01. Suck My Kiss.mp3	-99
\\NASSY\Music\R.H.C.P.-Discography.1984-2013.MP3.320\4. Singles\1992 - Suck My Kiss (Single)\01. Suck My Kiss.mp3	-99
\\NASSY\Music\Best of Rock Collection (1980-1989) MP3\R.H.C.P.-Discography.1984-2013.MP3.320\2. Live\1994 - Live Rare Remix Box (3 CD)\Live Rare Remix Box Disc 1 (Live)\03. Suck My Kiss (Live).mp3	-99
\\NASSY\Music\Best of Rock Collection (1980-1989) MP3\R.H.C.P.-Discography.1984-2013.MP3.320\4. Singles\1992 - Breaking the Girl (Single)\03. Suck My Kiss (Live).mp3	-99
\\NASSY\Music\Best of Rock Collection (1980-1989) MP3\R.H.C.P.-Discography.1984-2013.MP3.320\4. Singles\1993 - Soul to Squeeze (Single)\03. Suck My Kiss (Live).mp3	-99
\\NASSY\Music\R.H.C.P.-Discography.1984-2013.MP3.320\2. Live\1994 - Live Rare Remix Box (3 CD)\Live Rare Remix Box Disc 1 (Live)\03. Suck My Kiss (Live).mp3	-99
\\NASSY\Music\R.H.C.P.-Discography.1984-2013.MP3.320\4. Singles\1992 - Breaking the Girl (Single)\03. Suck My Kiss (Live).mp3	-99
\\NASSY\Music\R.H.C.P.-Discography.1984-2013.MP3.320\4. Singles\1993 - Soul to Squeeze (Single)\03. Suck My Kiss (Live).mp3	-99
\\NASSY\Music\Best of Rock Collection (1980-1989) MP3\R.H.C.P.-Discography.1984-2013.MP3.320\3. Compilations\2011 - Road Trippin' Through Time\03. Suck My Kiss.mp3	-99
\\NASSY\Music\R.H.C.P.-Discography.1984-2013.MP3.320\3. Compilations\2011 - Road Trippin' Through Time\03. Suck My Kiss.mp3	-99
\\NASSY\Music\Best of Rock Collection (1980-1989) MP3\R.H.C.P.-Discography.1984-2013.MP3.320\1. Studio Albums\1991 - Blood Sugar Sex Magik\05. Suck My Kiss.mp3	-99
\\NASSY\Music\Best of Rock Collection (1980-1989) MP3\R.H.C.P.-Discography.1984-2013.MP3.320\6. Japanese Remastered 2006\1991 - Blood Sugar Sex Magik (Japan 2006)\05. Suck My Kiss.mp3	-99
\\NASSY\Music\R.H.C.P.-Discography.1984-2013.MP3.320\1. Studio Albums\1991 - Blood Sugar Sex Magik\05. Suck My Kiss.mp3	-99
\\NASSY\Music\R.H.C.P.-Discography.1984-2013.MP3.320\6. Japanese Remastered 2006\1991 - Blood Sugar Sex Magik (Japan 2006)\05. Suck My Kiss.mp3	-99
\\NASSY\Music\Best of Rock Collection (1980-1989) MP3\R.H.C.P.-Discography.1984-2013.MP3.320\3. Compilations\2003 - Greatest Hits\07. Suck My Kiss.mp3	-99
\\NASSY\Music\R.H.C.P.-Discography.1984-2013.MP3.320\3. Compilations\2003 - Greatest Hits\07. Suck My Kiss.mp3	-99
\\NASSY\Music\3 Doors Down - The Greatest Hits (2012)\04 - It's Not My Time [Remaster].mp3	5
\\NASSY\Music\V.A.The.All.Time.Greatest.Rock.Songs.Of.The.60s.70s.80s.And.90s-TDG\Cd1-TDG\16.November.Rain.Guns.N'Roses-TDG.mp3	99
\\NASSY\Music\Best of Rock Collection (1980-1989) MP3\Guns N' Roses - The Ultimate Best Of_2014\23. November Rain.mp3	-99
\\NASSY\Music\Guns N' Roses - The Ultimate Best Of_2014\23. November Rain.mp3	-99
\\NASSY\Music\Classic Rock Music - Compilation Mix - Playlist\Guns N' Roses - November Rain.mp3	-99
\\NASSY\Music\Best of Rock Collection (1980-1989) MP3\Disc 3\10. Scorpions - Rock You Like a Hurricane (1984).mp3	99
\\NASSY\Music\The Smashing Pumpkins - Discografia\10. Greatest Hits  (2001)\Disc 1 (Rotten Apples)\09. The Smashing Pumpkins - 1979.mp3	99
\\NASSY\Music\The Smashing Pumpkins - Discografia\05. Mellon Collie And The Infinite Sadness  (1995)\CD2 (Twilight to Starlight)\05 - The Smashing Pumpkins - 1979.mp3	-99
\\NASSY\Music\The Smashing Pumpkins - Discografia\06. The Aeroplane Flies High - Singles Box Set  (1996)\Disc 2\01 - The Smashing Pumpkins - 1979.mp3	-99
\\NASSY\Music\Best of Rock Collection (1980-1989) MP3\Lynyrd Skynyrd - All Time Greatest Hits (MP3@320) [FrankFoo]\CD\03. Simple Man.mp3	99
\\NASSY\Music\Lynyrd Skynyrd - All Time Greatest Hits (MP3@320) [FrankFoo]\CD\03. Simple Man.mp3	-99
\\NASSY\Music\Soundgarden\04 - Compilations\2010 - Telephantasm [A&M Rec., 0602527471297]\CD 2\05. Spoonman.mp3	2
\\NASSY\Music\Black Sabbath - The Black Box (Discography from 1970-1978)\Sabbath Bloody Sabbath\03 Fluff.mp3	-1
\\NASSY\Music\More Classic Rock Music 2 - Compilation Mix - Playlist\Chicago - Hard to Say Im Sorry.mp3	-1
\\NASSY\Music\Punk Goes Pop 4 [CDRip][320kbps]\01 Just the Way You Are - Pierce the Veil.mp3	5
\\NASSY\Music\Weezer [Discography]\2001 - Weezer (The Green Album)\04 - Island In The Sun.mp3	99
\\NASSY\Music\FOO FIGHTERS - DISCOGRAPHY (1995-14) [CHANNEL NEO]\[1999] There Is Nothing Left To Lose (Australian Edition)\03 - Learn To Fly.mp3	1
\\NASSY\Music\Various Artist -  Punk Goes Pop (Volume 3)\03-artist_vs_poet-bad_romance.mp3	3
\\NASSY\Music\R.H.C.P.-Discography.1984-2013.MP3.320\5. Remastered\1987 - The Uplift Mofo Party Plan (2003 EMI Remastered)\13. Behind the Sun (Instrumental Demo).mp3	-1
\\NASSY\Music\FOO FIGHTERS - DISCOGRAPHY (1995-14) [CHANNEL NEO]\[1997] The Colour And The Shape (10th Anniversery Edition)\12 - Walking After You.mp3	-1
\\NASSY\Music\R.H.C.P.-Discography.1984-2013.MP3.320\3. Compilations\1998 - Under The Covers\13. Hollywood (Extended Dance Mix).mp3	-1
\\NASSY\Music\Blink 182 Discography\(1999)Enema Of The State\12 - Anthem.mp3	-2
\\NASSY\Music\Soundgarden\01 - Studio Albums\1994 - Superunknown [A&M Rec., POCM-1065]\08. Spoonman.mp3	-999
\\NASSY\Music\The Killers Discography\The Killers - Human (Armin Van Buuren & Ferry Corsten Remixes)\02.The Killers - Human (Armin Van Buuren Radio Edit).mp3	-1
\\NASSY\Music\Blink 182 Discography\(1994) Cheshire Cat\14 - Ben Wah Balls.mp3	-1
\\NASSY\Music\Punk Goes Pop 4 [CDRip][320kbps]\02 Little Lion Man - Tonight Alive.mp3	-1
\\NASSY\Music\The Smashing Pumpkins - Discografia\08. Machina - The Machines Of God  (2000)\14 - The Smashing Pumpkins - Blue Skies Bring Tears.mp3	-1
\\NASSY\Music\The Offspring\2003 Splinter\06-(Can't Get My) Head Around You.mp3	-1
\\NASSY\Music\Best of Rock Collection (1980-1989) MP3\Disc 4\08. ZZ Top - Sharp Dressed Man (1983).mp3	1
\\NASSY\Music\Sum 41\All Killer No Filler\07 In Too Deep 1.mp3	6
\\NASSY\Music\Aerosmith - Complete Discography\1989 - Pump\05. Water song_Janie's got a gun.mp3	1
\\NASSY\Music\Rage Against The Machine\2000 - Renegades\09 - Renegades Of Funk.mp3	2
\\NASSY\Music\AVENGED SEVENFOLD - DISCOGRAPHY (1999-13) [CHANNEL NEO]\[2013] Hail To The King (Deluxe Edition)\08 - Coming Home.mp3	1
\\NASSY\Music\Oasis\Oasis - Familiar to Millions\05. Acquiesce.mp3	1
\\NASSY\Music\Blink 182 Discography\(1997) Dude Ranch\15 - I'm Sorry.mp3	-3
\\NASSY\Music\NIRVANA DISCOGRAPHY @320Kbps CbR Mp3 [TuGAZx]\3 - Incesticide (1992)\05 Nirvana - Turnaround.mp3	3
\\NASSY\Music\NIRVANA DISCOGRAPHY @320Kbps CbR Mp3 [TuGAZx]\11 - Icon (2010)\06 - Heart-Shaped Box.mp3	2
\\NASSY\Music\Betraying The Martyrs - Phantom 2014 [MP3@192kbps] - the.HH\10 Lighthouse.mp3	-1
\\NASSY\Music\Audioslave - Discografia\2005 - Out Of Exile\03 - Be Yourself.mp3	6
\\NASSY\Music\Punk Goes Pop 4 [CDRip][320kbps]\07 You Belong With Me - For All Those Sleeping.mp3	1
\\NASSY\Music\Wolfmother\EP's\2009 - New Moon Rising EP\03 - Wolfmother-New Moon Rising (Riton Club Rub).mp3	-2
\\NASSY\Music\Various Artist -  Punk Goes Pop (Volume 3)\10-miss_may_i-run_this_town.mp3	-1
\\NASSY\Music\The Killers Discography\[2004] Hot Fuss (Bonus Tracks Version)\04 - Somebody Told Me.mp3	1
\\NASSY\Music\Ozzy Osbourne - Greatest Hits 2CD (2009) 320 vtwin88cube\Disc 2\11. Crazy Train.mp3	-99
\\NASSY\Music\R.H.C.P.-Discography.1984-2013.MP3.320\7. Other Editions\1999 - Californication (2 Discs Australia Only)\CD 2\03. Instrumental #2 (Non LP Track).mp3	-1
\\NASSY\Music\2000 - Rock Ballads - New Collection\2000 - Rock Ballads - New Century\03. Bryan Adams - Inside Out.mp3	-2
\\NASSY\Music\R.H.C.P.-Discography.1984-2013.MP3.320\7. Other Editions\1995 - One Hot Minute (Gold Disc Edition No. 06541)\06. Pea.mp3	-1
\\NASSY\Music\More Classic Rock Music 2 - Compilation Mix - Playlist\ACDC - For Those About To Rock We Salute You.mp3	1
\\NASSY\Music\FOO FIGHTERS - DISCOGRAPHY (1995-14) [CHANNEL NEO]\[2005] Five Songs And A Cover [EP]\01 - Best Of You (Live).mp3	-999
\\NASSY\Music\2000 - Rock Ballads - New Collection\2008 - Rock Ballads - Best Of Love\13. Velvet Revolver - Fall To Pieces.mp3	5
\\NASSY\Music\FOO FIGHTERS - DISCOGRAPHY (1995-14) [CHANNEL NEO]\[2005] In Your Honor [2 CD]\CD 1\03 - Best Of You.mp3	2
\\NASSY\Music\Punk Goes Pop 4 [CDRip][320kbps]\12 Runaway - Silverstein feat. Down With Webster.mp3	0
\\NASSY\Music\Evanescence - Discography - 1998-2011 (320 kbps)\Album's\2003 Fallen (320 kbps)\02. Bring Me To Life.mp3	5
\\NASSY\Music\Rage Against The Machine\2000 - Renegades\06 - Im Housin'.mp3	-1
\\NASSY\Music\BREAKING BENJAMIN - DISCOGRAPHY (2001-11) [CHANNEL NEO]\[2007] Phobia (Collectors Edition) (Live At The Stabler Arena)\03 - Shallow Bay.mp3	0
\\NASSY\Music\Rage Against The Machine\1996 - Live & Rare\09 Hadda Be Playing On The Jukebox (Live).mp3	-1
\\NASSY\Music\FOO FIGHTERS - DISCOGRAPHY (1995-14) [CHANNEL NEO]\[2005] Five Songs And A Cover [EP]\02 - DOA (Demo).mp3	1
\\NASSY\Music\Sum 41\Half Hour Of Power\11 Another Time Around 1.mp3	-1
\\NASSY\Music\Green Day Complete Official Discography (1990-2012) [WwW.LoKoTorrents.CoM]\Compilation (Official)\2010 - The Original Broadway Cast Recording American Idiot\Disc 1\04. Boulevard Of Broken Dreams.mp3	1
\\NASSY\Music\Rage Against The Machine\2000 - Renegades\10 - How I Could Just Kill A Man.mp3	-1
\\NASSY\Music\System Of A Down\Hypnotize\04 - Hypnotize.mp3	1
\\NASSY\Music\More Classic Rock Music 2 - Compilation Mix - Playlist\The Beatles - Hey Jude.mp3	1
\\NASSY\Music\System Of A Down\B Sides, Demotapes, Singles, Live Shit and Compilations\KROQ Acoustic Christmas\Aerials.mp3	0
\\NASSY\Music\2000 - Rock Ballads - New Collection\2012 - Rock Ballads - Latest & Greatest\05. Snow Patrol - Chasing Cars.mp3	1
\\NASSY\Music\AcDc - Complete Discography Mp3 320Kbps\AcDc - 1981 - For Those About To Rock We Salute You\01 -For Those About To Rock.mp3	-1
\\NASSY\Music\Audioslave - Discografia\2005 - Out Of Exile\10 - Dandelion.mp3	1
\\NASSY\Music\Classic Rock Music - Compilation Mix - Playlist\David Bowie - Space Oddity.mp3	1
\\NASSY\Music\Guns N' Roses - The Ultimate Best Of_2014\24. It's So Easy.mp3	0
\\NASSY\Music\AVENGED SEVENFOLD - DISCOGRAPHY (1999-13) [CHANNEL NEO]\[2007] Avenged Sevenfold\10 - Dear God.mp3	1
\\NASSY\Music\Iron Maiden-Greatest Hits[www.lokotorrents.com][mp3]\CD1\05 - Run To The Hills .mp3	99
\\NASSY\Music\Best of Rock Collection (1980-1989) MP3\Iron Maiden-Greatest Hits[www.lokotorrents.com][mp3]\CD1\05 - Run To The Hills .mp3	-50
\\NASSY\Music\Best of Rock Collection (1980-1989) MP3\Disc 5\10. Iron Maiden - Run to the Hills (1982).mp3	-50
\\NASSY\Music\Metallica - Discography 1983-2008 (19 Albums, 23 CDs)\Metallica - 1992 - New Skulls For The Old Ceremony\17 - A) Prowler B) Run To The Hills.mp3	-50
\\NASSY\Music\AVENGED SEVENFOLD - DISCOGRAPHY (1999-13) [CHANNEL NEO]\[2001] Sounding the Seventh Trumpet\03 - Darkness Surrounding.mp3	-1
\\NASSY\Music\Weezer [Discography]\2005 - Make Believe\09 - My Best Friend.mp3	-2
\\NASSY\Music\Pearl Jam - Discography\2. Live - Live Bootlegs\1998 - Live On Two Legs\10 Even Flow.mp3	-99
\\NASSY\Music\Dragonforce\2006 - Inhuman Rampage\01. Through The Fire And Flames.mp3	99
\\NASSY\Music\2000 - Rock Ballads - New Collection\2008 - Rock Ballads - Best Of Love\08. Jet - Look What You've Done.mp3	1
\\NASSY\Music\NIRVANA DISCOGRAPHY @320Kbps CbR Mp3 [TuGAZx]\9 - Sliver - The Best Of The Box (2005)\13. Smells Like Teen Spirit (Home Demo).mp3	-1
\\NASSY\Music\Metallica - Discography 1983-2008 (19 Albums, 23 CDs)\Metallica - 1986 - Master Of Puppets\04 - Welcome Home (Sanitarium).mp3	1
\\NASSY\Music\Iron Maiden-Greatest Hits[www.lokotorrents.com][mp3]\CD2\04 - The Edge of Darkness .mp3	-1
\\NASSY\Music\Soundgarden\03 - Singles, EP's\1994 - My Wave (CDS) [A&M Rec., 580 849-2]\02. Spoonman (Steve Fisk Remix).mp3	-9991
\\NASSY\Music\Classic Rock Music - Compilation Mix - Playlist\Lynyrd Skynyrd - FreeBird.mp3	1
\\NASSY\Music\Iron Maiden-Greatest Hits[www.lokotorrents.com][mp3]\CD1\11 - Heaven Can Wait .mp3	1
\\NASSY\Music\Pearl Jam - Discography\3. Compilations\2004 - Rearview Mirror\Disc 1\03 Even Flow.mp3	99
\\NASSY\Music\Ozzy Osbourne - Greatest Hits 2CD (2009) 320 vtwin88cube\Disc 2\14. Mr. Crowley.mp3	10
\\NASSY\Music\Coheed and Cambria Discography\Good Apollo, I'm Burning Star IV, Volume One From Fear Through the Eyes of Madness (2005)\03 Welcome Home.mp3	99
\\NASSY\Music\Metallica - Discography 1983-2008 (19 Albums, 23 CDs)\Metallica - 1999 - S & M\Metallica - 1999 - S & M - CD 2\08 - One.mp3	-1
\\NASSY\Music\Ozzy Osbourne - Greatest Hits 2CD (2009) 320 vtwin88cube\Disc 2\04. Mississippi Queen.mp3	-999
\\NASSY\Music\Mountain\Albums\1970 - Climbing! (320kbps)\01  - Mississippi Queen.mp3	999
\\NASSY\Music\Mountain\Live\1970-Masters Of Destruction 2CD(320kbps)\1970-Mountain-Masters Of Destruction-Fillmore East-NYC 1970-cd 2\01. Mississippi Queen.mp3	-999
\\NASSY\Music\Mountain\Live\1971- Live-69-71(320kbps)\02-Mississippi Queen.mp3	-999
\\NASSY\Music\Best of Rock Collection (1980-1989) MP3\Ozzy Osbourne - Greatest Hits 2CD (2009) 320 vtwin88cube\Disc 2\04. Mississippi Queen.mp3	-999
\\NASSY\Music\Imagine Dragons - Discography 2009-2013 @320 (By Jamal The Moroccan)\Album\2013 - Night Visions (UK Deluxe Edition) - (320 kbps)\1 - Imagine Dragons - Radioactive.mp3	999
\\NASSY\Music\NIRVANA DISCOGRAPHY @320Kbps CbR Mp3 [TuGAZx]\8 - With the Lights Out (2004)\CD-3\3-01. Rape Me (Solo Acoustic, 1992).mp3	-1
\\NASSY\Music\Guns N' Roses - The Ultimate Best Of_2014\16. Paradise City.mp3	2
\\NASSY\Music\Punk Goes Pop, Vol 6 [15 Tracks] (320kbps)\7. Royals.mp3	1
\\NASSY\Music\The Smashing Pumpkins - Discografia\04. Earphoria  (1994)\04. Cherub Rock (acoustic) (live on MTV Europe, 1993).mp3	1
\\NASSY\Music\The Offspring\1998 Americana\11-Why Don't You Get A Job.mp3	1
\\NASSY\Music\Audioslave - Discografia\2002 - Audioslave\11 - Bring Me Back Alive.mp3	1
\\NASSY\Music\Ozzy Osbourne - Greatest Hits 2CD (2009) 320 vtwin88cube\Disc 1\12. 21st Century Schizoid Man.mp3	1
\\NASSY\Music\Audioslave - Discografia\2006 - Revelations\Audioslave - Seven Nations Army (White Stripes Cover).mp3	1
\\NASSY\Music\Pearl Jam - Discography\5. Eddie Vedder\2007 - Into The Wild (O.S.T.)\11 Guaranted.mp3	-2
\\NASSY\Music\Guns N' Roses - The Ultimate Best Of_2014\09. Sweet Child O' Mine.mp3	2
\\NASSY\Music\BREAKING BENJAMIN - DISCOGRAPHY (2001-11) [CHANNEL NEO]\[2010] Dear Agony (Japanese Edition)\01 - Fade Away.mp3	2
\\NASSY\Music\Weezer [Discography]\1994 - Weezer (The Blue Album) [Deluxe Edition]\disc 1\01 - My Name Is Jonas - [Weezer] .mp3	1
\\NASSY\Music\Ozzy Osbourne - Greatest Hits 2CD (2009) 320 vtwin88cube\Disc 2\07. Breaking All The Rules.mp3	1
\\NASSY\Music\Aerosmith - Complete Discography\2011 - Tough Love_ Best Of The Ballads\16-dream_on.mp3	-99
\\NASSY\Music\AVENGED SEVENFOLD - DISCOGRAPHY (1999-13) [CHANNEL NEO]\[2007] Avenged Sevenfold\04 - Afterlife.mp3	1
\\NASSY\Music\Green Day Complete Official Discography (1990-2012) [WwW.LoKoTorrents.CoM]\Singles\1998 - Time Of Your Life [Good Riddance] (CD2)\01. Time Of Your Life (Good Riddance).mp3	1
\\NASSY\Music\System Of A Down\B Sides, Demotapes, Singles, Live Shit and Compilations\BYOB\BYOB - Explicit.mp3	1
\\NASSY\Music\Classic Rock Music - Compilation Mix - Playlist\Ozzy Osbourne - Crazy Train.mp3	99
\\NASSY\Music\The Smashing Pumpkins - Discografia\10. Greatest Hits  (2001)\Disc 1 (Rotten Apples)\04. The Smashing Pumpkins - Cherub Rock.mp3	1
\\NASSY\Music\BREAKING BENJAMIN - DISCOGRAPHY (2001-11) [CHANNEL NEO]\[2006] Phobia (Asian Edition)\14 - The Diary Of Jane (Acoustic Version) (Bonus Track).mp3	1
\\NASSY\Music\AVENGED SEVENFOLD - DISCOGRAPHY (1999-13) [CHANNEL NEO]\[2010] Nightmare (Deluxe Edition)\06 - So Far Away.mp3	1
\\NASSY\Music\AVENGED SEVENFOLD - DISCOGRAPHY (1999-13) [CHANNEL NEO]\[2013] Hail To The King (Deluxe Edition)\02 - Hail To The King.mp3	2
\\NASSY\Music\Blink 182 Discography\(2001)Take Off Your Pants And Jacket\15 - Mother's Day.mp3	-2
\\NASSY\Music\Betraying The Martyrs - Phantom 2014 [MP3@192kbps] - the.HH\06 Phantom (Fly Away) (ft. Gus Farias).mp3	-1
\\NASSY\Music\More Classic Rock Music 2 - Compilation Mix - Playlist\The Who - Pinball Wizard.mp3	1
\\NASSY\Music\Wolfmother\Singles\2006 - Woman\Woman.mp3	1
\\NASSY\Music\Rob Zombie - 20th Century Masters The Best Of Rob Zombie (2006) vtwin88cube\05.Dragula.mp3	1
\\NASSY\Music\Best of Rock Collection (1980-1989) MP3\R.H.C.P.-Discography.1984-2013.MP3.320\5. Remastered\1989 - Mothers Milk (2003 EMI Remastered)\03. Subway To Venus.mp3	-2
\\NASSY\Music\Ramones\(1996) Unreleased Tracks\04 - See My Way.mp3	-1
\\NASSY\Music\Coldplay - The Best Songs (2016)\Coldplay - Speed Of Sound .mp3	99
\\NASSY\Music\NIN\Further Down The Spiral V2 (1995)\05-The Downward Spiral [The Bottom].mp3	-1
\\NASSY\Music\2000 - Rock Ballads - New Collection\2012 - Rock Ballads - Latest & Greatest\08. Chickenfoot - Learning To Fall.mp3	1
\\NASSY\Music\Best of Rock Collection (1980-1989) MP3\R.H.C.P.-Discography.1984-2013.MP3.320\4. Singles\2006 - Snow (Hey Oh) (Single 2 CD)\CD 1\02. Permutation.mp3	-1
\\NASSY\Music\NIN\March Of The Pigs (1994)\03-All Pigs, All Lined Up.mp3	-1
\\NASSY\Music\Ramones\(1993) Acid Eaters\07 - 7 And 7 Is.mp3	-1
\\NASSY\Music\SHINEDOWN - DISCOGRAPHY (2003-15) [CHANNEL NEO]\[2015] Threat to Survival\02 - Cut The Cord.mp3	1
\\NASSY\Music\Modest Mouse Discography [2015] VØ CDRIP\1996 • Modest_Mouse-This_Is_A_Long_Drive_For_Someone_With_Nothing_To_Think_About-1996-EOS\09-modest_mouse-dog_paddle-eos.mp3	-1
\\NASSY\Music\Metallica - Discography 1983-2008 (19 Albums, 23 CDs)\Metallica - 1996 - Load\05 - King Nothing.mp3	1
\\NASSY\Music\Lenny Kravitz - Greatest Hits\Lenny Kravitz - 02 - Fly Away.mp3	99
\\NASSY\Music\Modest Mouse Discography [2015] VØ CDRIP\MM +\1993-Uncle_Bunny_Faces_vbr-V5\03 As On, Vandetta and Problem.mp3	-1
\\NASSY\Music\The Rolling Stones - Greatest Hits-Universal\CD 2\04 - Brown Sugar.mp3	1
\\NASSY\Music\Classic Rock Music - Compilation Mix - Playlist\Kiss - Rock And Roll All Nite.mp3	1
\\NASSY\Music\NIRVANA DISCOGRAPHY @320Kbps CbR Mp3 [TuGAZx]\8 - With the Lights Out (2004)\CD-2\2-14. Endless, Nameless (Radio Appear.mp3	-1
\\NASSY\Music\Guns N' Roses - The Ultimate Best Of_2014\14. Civil War.mp3	1
\\NASSY\Music\Metallica - Discography 1983-2008 (19 Albums, 23 CDs)\Metallica - 1992 - New Skulls For The Old Ceremony\06 - The Small Hours.mp3	-1
\\NASSY\Music\Pearl Jam - Discography\4. Singles\2003 - Love Boat Captain\02 Love Boat Captain (Live In Seattle, Washington - December 6, 2002).mp3	-1
\\NASSY\Music\Black Sabbath - The Black Box (Discography from 1970-1978)\Black Sabbath Vol. 4\10 Under The Sun - Every Day Comes a.mp3	-1
\\NASSY\Music\System Of A Down\B Sides, Demotapes, Singles, Live Shit and Compilations\Storaged Melodies\Starlit Eyes.mp3	-1
\\NASSY\Music\Pearl Jam - Discography\2. Live - Live Bootlegs\1994 - Pearl Jam - Dissident (Live In Atlanta EP)\Dissident (Live In Atlanta EP) Disc 3\03 W.M.A. (Live).mp3	-1
\\NASSY\Music\AcDc - Complete Discography Mp3 320Kbps\AcDc - 1976 - Dirty Deeds Done Dirt Cheap (Australia Only)\06 -Big Balls.mp3	-1
\\NASSY\Music\The Killers Discography\[2008] Day & Age (Bonus Track Version)\04 - Joy Ride.mp3	-1
\\NASSY\Music\QUEENS OF THE STONE AGE - DISCOGRAPHY (1997-13) [CHANNEL NEO]\[1997] Kyuss & Queens of the Stone Age [Split EP]\06 - Spiders and Vinegaroons.mp3	-1
\\NASSY\Music\Soundgarden\06 - Vinyl Versions\1988 - Ultramega OK (LP) [SST Rec., SST 201]\A7. Circle Of Power.mp3	-1
\\NASSY\Music\Rob Zombie - Discography (1998-2013) {320} vtwin88cube\2012 - Mondo Sex Head (Explicit Deluxe Edition)\11.Devil's Hole Girls (Tobias Enhus Remix).mp3	-1
\\NASSY\Music\Best of Rock Collection (1980-1989) MP3\Ozzy Osbourne - Greatest Hits 2CD (2009) 320 vtwin88cube\Disc 1\17. Time After Time.mp3	1
\\NASSY\Music\The Smashing Pumpkins - Discografia\03. Pisces Iscariot  (1994)\12 - The Smashing Pumpkins - A Girl Named Sandoz.mp3	-1
\\NASSY\Music\Ramones\(1991) Loco Live\31 - Chinese Rocks.mp3	-1
\\NASSY\Music\System Of A Down\Hypnotize\01 - Attack.mp3	-1
\\NASSY\Music\Rage Against The Machine\1996 - Evil Empire\04 - Revolver.mp3	-1
\\NASSY\Music\Aerosmith - Complete Discography\2005 - Rockin The Joint [Live At The Hard Rock Hotel Las Vegas]\11.Walk This Way.mp3	1
\\NASSY\Music\NIRVANA DISCOGRAPHY @320Kbps CbR Mp3 [TuGAZx]\1 - Bleach (1989)\07 - Nirvana - Negative Creep - Bleach.mp3	-1
\\NASSY\Music\Classic Rock Music - Compilation Mix - Playlist\The Rolling Stones - Beast Of Burden.mp3	1
\\NASSY\Music\Staind - Discography\Singles, EPs, Fan Club & Promo\Staind - 2005 - Right Here (CDs)\03. Come Again Demo.mp3	-1
\\NASSY\Music\BREAKING BENJAMIN - DISCOGRAPHY (2001-11) [CHANNEL NEO]\[2002] Saturate\03 - Polyamorous.mp3	1
\\NASSY\Music\Rob Zombie - Discography (1998-2013) {320} vtwin88cube\2007 - Zombie Live\14.Superbeast.mp3	-1
\\NASSY\Music\Modest Mouse Discography [2015] VØ CDRIP\MM +\Modest_Mouse-Baron_Von_Bullshit_Rides_Again-(Retail)-2004-RTB\07-modest_mouse-doin_the_cockroach-rtb.mp3	-1
\\NASSY\Music\Best of Rock Collection (1980-1989) MP3\R.H.C.P.-Discography.1984-2013.MP3.320\4. Singles\2002 - The Zephyr Song (3 CD)\CD 1\02. Body of Water.mp3	-1
\\NASSY\Music\Metallica - Discography 1983-2008 (19 Albums, 23 CDs)\Metallica - 1988 - And Justice For All\07 - The Frayed Ends Of Sanity.mp3	-1
\\NASSY\Music\Best of Rock Collection (1980-1989) MP3\R.H.C.P.-Discography.1984-2013.MP3.320\4. Singles\1992 - Under the Bridge (Single)\01. Under the Bridge (Album Version).mp3	5
\\NASSY\Music\Staind - Discography\Albums\Staind - 2005 - Chapter V (Limited Edition)\02. Right Here.mp3	2
\\NASSY\Music\Classic Rock Music - Compilation Mix - Playlist\Deep Purple - Hush.mp3	1
\\NASSY\Music\Ramones\(1977) Rocket To Russia\08 - Teenage Lobotomy.mp3	-1
\\NASSY\Music\R.H.C.P.-Discography.1984-2013.MP3.320\1. Studio Albums\2011 - Im With You\10. Happiness Loves Company.mp3	-1
\\NASSY\Music\AcDc - Complete Discography Mp3 320Kbps\AcDc - 1997 - Bonfire\02 - Let There Be Rock-The Movie - Live In Paris\Cd  2\01 -The Jack.mp3	-1
\\NASSY\Music\NIN\And All That Could Have Been - Live [DE CD1] (2002)\13-Head Like A Hole.mp3	-1
\\NASSY\Music\The Rolling Stones - Greatest Hits-Universal\CD 1\19. 2000 Light Years From Home.mp3	-1
\\NASSY\Music\Modest Mouse Discography [2015] VØ CDRIP\MM +\Modest_Mouse-No_Ones_First_And_Youre_Next-(EP)-2009-FNT\05-modest_mouse-perpetual_motion_machine.mp3	-1
\\NASSY\Music\Pearl Jam - Discography\2. Live - Live Bootlegs\2010 - Pearl Jam - live at Madison Square Garden (2 Disc)\Disc 2\02 The End.mp3	-1
\\NASSY\Music\NIRVANA DISCOGRAPHY @320Kbps CbR Mp3 [TuGAZx]\2 - Nevermind (1991)\05.Lithium.mp3	1
\\NASSY\Music\Green Day Complete Official Discography (1990-2012) [WwW.LoKoTorrents.CoM]\Live (Offical)\2005 - Bullet In A Bible\06 - Longview.mp3	-1
\\NASSY\Music\R.H.C.P.-Discography.1984-2013.MP3.320\4. Singles\2007 - Desecration Smile (Single)\02. Funky Monks (Live).mp3	-1
\\NASSY\Music\Metallica - Discography 1983-2008 (19 Albums, 23 CDs)\Metallica - 1993 - Live Shit, Binge And Purge\Metallica - 1993 - Live Shit, Binge And Purge - CD 2\04 - Master Of Puppets.mp3	-1
\\NASSY\Music\Sum 41\Underclass Hero\02 Walking Disaster.mp3	1
\\NASSY\Music\Aerosmith - Complete Discography\2005 - Rockin The Joint [Live At The Hard Rock Hotel Las Vegas]\10.Rattlesnake Shake.mp3	-1
\\NASSY\Music\Sum 41\Does this Look Infected\03 My Direction 1.mp3	-1
\\NASSY\Music\JIMMY EAT WORLD - DISCOGRAPHY [CHANNEL NEO]\[2008] Bleed American (Remastered) (CD 1)\05 - Sweetness.mp3	1
\\NASSY\Music\Best of Rock Collection (1980-1989) MP3\Disc 6\09. Sonic Youth - Teen Age Riot (1988).mp3	1
\\NASSY\Music\KORN - DISCOGRAPHY (1994-13) [CHANNEL NEO]\[2011] The Path Of Totality (2 CD)\[2011] The Path Of Totality (Instrumental Edition)\10 - Way Too Far (Feat. 12Th Planet) (Instrumental).mp3	1
\\NASSY\Music\SLIPKNOT - DISCOGRAPHY (1996-14) [CHANNEL NEO]\[2014] .5 The Gray Chapter [Deluxe Edition]\CD 1\04 - The Devil In I.mp3	5
\\NASSY\Music\Audioslave - Discografia\2002 - Audioslave\02 - Show Me How to Live.mp3	5
\\NASSY\Music\Audioslave - Discografia\2001 - Civilian Demo\13 - Show Me How To Live.mp3	-5
\\NASSY\Music\Thousand Foot Krutch\Thousand Foot Krutch - Oxygen Inhale (2014)\02 - Untraveled Road.mp3	5
\\NASSY\Music\Papa Roach\Papa Roach F.E.A.R. [2015] 320\F.E.A.R.320.WEB\01. Face Everything And Rise.mp3	5
\\NASSY\Music\The Wombats\Glitterbug (Deluxe Version)\03 Greek Tragedy.mp3	5
\\NASSY\Music\Metallica - Discography 1983-2008 (19 Albums, 23 CDs)\Metallica - St. Anger 2003 320kbps CBR MP3 [VX]\2 - Metallica - St. Anger.mp3	5
\\NASSY\Music\FOO FIGHTERS - DISCOGRAPHY (1995-14) [CHANNEL NEO]\[2014] Sonic Highways\01 - Something From Nothing.mp3	5
\\NASSY\Music\FALL OUT BOY - DISCOGRAPHY [CHANNEL NEO]\American Beauty _ American Psycho\03 Centuries.mp3	5
\\NASSY\Music\Disturbed Discography\Ten Thousand Fists\05 Stricken.mp3	99
\\NASSY\Music\Daughtry Discography (2006-2013) MP3-320-CBR-{P2P-inyd}\Studio Albums\(2006)-Daughtry_Daughtry [Deluxe Edition]-{inyd}\Daughtry-Daughtry-1-It's Not Over-1-2008.mp3	99
\\NASSY\Music\Unorganized\01 - Living Colour - Cult of Personality.mp3	99
\\NASSY\Music\Thousand Foot Krutch\Thousand Foot Krutch - 2004 - Set It Off\10 - Small Town.mp3	1
\\NASSY\Music\Pearl Jam - Discography\2. Live - Live Bootlegs\2001 - Jones Beach Amphitheater, Wantagh, New York 08-24-2000 (Bootleg)\Disc 1\12 Even Flow.mp3	-99
\\NASSY\Music\Unorganized\12 Even Flow - Jones Beach Amphitheater, Wantagh, New York 08-24-2000.mp3	99
\\NASSY\Music\R.H.C.P.-Discography.1984-2013.MP3.320\2. Live\1994 - Live Rare Remix Box (3 CD)\Live Rare Remix Box Disc 3 (Remix)\03. If You Have To Ask (The Disco Krisco Mix).mp3	-1
\\NASSY\Music\AcDc - Complete Discography Mp3 320Kbps\AcDc - 2002 - Best of AcDc\07 - High voltage - T.N.T..mp3	99
\\NASSY\Music\The Killers Discography\[2004] Hot Fuss (Bonus Tracks Version)\02 - Mr. Brightside.mp3	99
\\NASSY\Music\The Killers Discography\[2007] SawDust\17 - Mr Brightside (Jacques Lu Cont's Thin White Duke Remix).mp3	-99
\\NASSY\Music\The Killers Discography\The Killers - Live From The Royal Albert Hall\17-mr._brightside.mp3	-99
\\NASSY\Music\Mountain\Live\1970-Masters Of Destruction 2CD(320kbps)\1970-Mountain-Masters Of Destruction-Fillmore East-NYC 1970-cd 2\04. Jam.mp3	-1
\\NASSY\Music\SEETHER - DISCOGRAPHY (2000-14) [CHANNEL NEO]\[2008] Lost Boys (The Tribe OST)\01 - Burrito (Live Acoustic).mp3	-1
\\NASSY\Music\Amaranthe\(2011) Amaranthe [Deluxe Edition]\Amaranthe - Amaranthine.mp3	5
\\NASSY\Music\Royal Blood\Royal Blood - Figure It Out.mp3	5
\\NASSY\Music\Chevelle - Discography (1999-2014) [320kbps]\[2002] Wonder What's Next\05. The Red.mp3	5
\\NASSY\Music\Classic Rock Music - Compilation Mix - Playlist\Queen - Bohemian Rhapsody.mp3	5
\\NASSY\Music\Queen - The Ultimate Best Of Queen (2011) [mp3][www.lokotorrents.com]\06. Under Pressure.mp3	5
\\NASSY\Music\Air Supply - Greatest Hits [Bubanee]\09 - All Out of Love.mp3	-5
\\NASSY\Music\My Chemical Romance - Discography\2006.10.23 - The Black Parade\05 - Welcome to the Black Parade.mp3	5
\\NASSY\Music\Unorganized\Dio - Holy Diver.mp3	-5
\\NASSY\Music\Best of Rock Collection (1980-1989) MP3\Disc 3\01. Dio - Holy Diver (1983).mp3	-5
\\NASSY\Music\Unorganized\Dio - Holy Diver (trimmed).mp3	-5
\\NASSY\Music\Unorganized\01. Dio - Holy Diver (1983) (trimmed).mp3	5
\\NASSY\Music\NIN\With teeth\4._Nine_Inch_Nails_-_With_Teeth_-_The_Hand_That_Feeds.mp3	5
\\NASSY\Music\Unorganized\13 Hey There Delilah.mp3	10
\\NASSY\Music\The Fray\2005 - How To Save A Life\03 How To Save A Life.mp3	10
\\NASSY\Music\Unorganized\CARELESS WHISPER.mp3	5
\\NASSY\Music\My Chemical Romance - Discography\2004.06.08 - Three Cheers for Sweet Revenge\06 - The Ghost of You.mp3	5
\\NASSY\Music\Unorganized\Blondie - Call Me.mp3	5
"\\NASSY\Music\Unorganized\073-Disturbed - The Sound Of Silence.mp3"	5
\\NASSY\Music\Audioslave - Discografia\2002 - Audioslave\05 - Like A Stone.mp3	5
"\\NASSY\Music\FOO FIGHTERS - DISCOGRAPHY (1995-14) [CHANNEL NEO]\01 Run.mp3"	5
"\\NASSY\Music\Imagine Dragons - Discography 2009-2013 @320 (By Jamal The Moroccan)\Imagine Dragons - Believer.mp3"	5
"\\NASSY\Music\Unorganized\Kings Of Leon - The Final Chapter, Reverend.mp3"	5
\\NASSY\Music\Imagine Dragons - Discography 2009-2013 @320 (By Jamal The Moroccan)\Album\2013 - Night Visions (UK Deluxe Edition) - (320 kbps)\4 - Imagine Dragons - Demons.mp3	-99
\\NASSY\Music\Imagine Dragons - Discography 2009-2013 @320 (By Jamal The Moroccan)\EPs\2012 - Continued Silence\2 - Imagine Dragons - Demons.mp3	9
\\NASSY\Music\Imagine Dragons - Discography 2009-2013 @320 (By Jamal The Moroccan)\Imagine Dragons - Demons (modified).mp3	-9
\\NASSY\Music\AcDc - Complete Discography Mp3 320Kbps\AcDc - 1979 - Highway To Hell\01 -Highway To Hell.mp3	5
\\NASSY\Music\TRAPT - DISCOGRAPHY (1999-13) [CHANNEL NEO]\[2002] Trapt\01 - Headstrong.mp3	5
\\NASSY\Music\TRAPT - DISCOGRAPHY (1999-13) [CHANNEL NEO]\[2007] Live!\11 - Headstrong.mp3	-99
"\\NASSY\Music\Incubus\+Singles\Incubus - Absolution Calling.mp3"	5
\\NASSY\Music\Bon Jovi - Greatest Hits - The Ultimate Collection [MP3-320][MJN]\CD1\05 - Wanted Dead or Alive.mp3	5
\\NASSY\Music\IMAGINE DRAGONS - DISCOGRAPHY (2009-15) [CHANNEL NEO]\[2015] Smoke + Mirrors (Super Deluxe Edition)\CD 1\01 - Shots.mp3	5
"\\NASSY\Music\IMAGINE DRAGONS - DISCOGRAPHY (2009-15) [CHANNEL NEO]\14 - Demons (Acoustic).mp3"	5
\\NASSY\Music\AcDc - Complete Discography Mp3 320Kbps\AcDc - 1990 - The Razors Edge\01 -Thunderstruck.mp3	5
\\NASSY\Music\Jimi Hendrix - The Greatest Hits 2CD [Bubanee]\CD1\08 - All Along The Watchtower.mp3	5
\\NASSY\Music\SEETHER - DISCOGRAPHY (2000-14) [CHANNEL NEO]\[2014] Isolate And Medicate (Deluxe Edition)\02 - Same Damn Life.mp3	5
\\NASSY\Music\Coldplay - The Best Songs (2016)\Coldplay - Viva La Vida.mp3	5
\\NASSY\Music\The Fray\2005 - How To Save A Life\02 Over My Head (Cable Car).mp3	5
\\NASSY\Music\Coldplay - The Best Songs (2016)\Coldplay - Clocks.mp3	5
"\\NASSY\Music\Unorganized\Capital Cities - Safe And Sound.mp3"	5
\\NASSY\Music\SEETHER - DISCOGRAPHY (2000-14) [CHANNEL NEO]\[2006] One Cold Night [EP]\09 - Broken.mp3		5
"\\NASSY\Music\The Cranberries + D. O'Riordan - Best 1991 - 2012 (By Jamal The Moroccan)\The Cranberries - Dreams.mp3"	5
"\\NASSY\Music\Unorganized\The Bravery-An Honest Mistake.mp3"	5
\\NASSY\Music\THREE DAYS GRACE - DISCOGRAPHY (2003-15) [CHANNEL NEO]\[2006] One-X (Japanese Edition)\04 - Never Too Late.mp3	5
\\NASSY\Music\VA - Top 40 Rock & Metal Single Charts (23.09.2016)\05-Goo Goo Dolls - Iris.mp3	5
"\\NASSY\Music\Unorganized\08 - The Reason.mp3"	5
"\\NASSY\Music\Finger Eleven - discography (4 studio albums\Finger Eleven - Finger Eleven\11-finger_eleven-one_thing-h8me.mp3"	5
\\NASSY\Music\FOO FIGHTERS - DISCOGRAPHY (1995-14) [CHANNEL NEO]\[1997] The Colour And The Shape (10th Anniversery Edition)\07 - My Hero.mp3	5
"\\NASSY\Music\Keane - The Best Of Keane [Deluxe Edition] [2013] [2CD] [Mp3-320]-V3nom [GLT]\102-keane-somewhere_only_we_know.mp3"	5
"\\NASSY\Music\KEANE - DISCOGRAPHY [CHANNEL NEO]\[2004] Hopes And Fears\01 - Somewhere Only We Know.mp3"	-99
"\\NASSY\Music\Unorganized\Blue October - Hate Me.mp3"	5
"\\NASSY\Music\Unorganized\Blue October - Into The Ocean.mp3"	5
\\NASSY\Music\SHINEDOWN - DISCOGRAPHY (2003-15) [CHANNEL NEO]\[2010] The Sound Of Madness (Deluxe Edition)\02 - Sound Of Madness.mp3	5
\\NASSY\Music\Staind - Discography\Albums\Staind - 2001 - Break The Cycle (U.S. Edition, Bonus track)\04. It's Been Awhile.mp3	5
\\NASSY\Music\THREE DAYS GRACE - DISCOGRAPHY (2003-15) [CHANNEL NEO]\[2006] One-X (Japanese Edition)\03 - Animal I Have Become.mp3	5
\\NASSY\Music\Jet\Jet - Get Born [2003]\02 - Are You Gonna Be My Girl.mp3	5
\\NASSY\Music\Nickleback - Greatest Hits\10 How You Remind Me.mp3	5
\\NASSY\Music\SEETHER - DISCOGRAPHY (2000-14) [CHANNEL NEO]\[2005] Karma & Effect\02 - Remedy.mp3	5
\\NASSY\Music\SEETHER - DISCOGRAPHY (2000-14) [CHANNEL NEO]\[2006] One Cold Night [EP]\11 - Remedy.mp3	-5
\\NASSY\Music\Incubus\+Albums\1999 - Make Yourself\08 - Incubus - Drive.mp3	5
\\NASSY\Music\More Classic Rock Music 2 - Compilation Mix - Playlist\Ram Jam - Black Betty.mp3	5
\\NASSY\Music\FOO FIGHTERS - DISCOGRAPHY (1995-14) [CHANNEL NEO]\[2007] Echoes, Silence, Patience And Grace (UK Release)\01 - The Pretender.mp3	-1
\\NASSY\Music\American Authors - Oh, What a Life\12 Best Day of My Life (Acoustic).mp3	5
Click Click Boom
\\NASSY\Music\Rage Against The Machine\1994 - Rage Against The Machine\02 - Killing In The Name Of.mp3	-5
\\NASSY\Music\Best of Rock Collection (1980-1989) MP3\R.H.C.P.-Discography.1984-2013.MP3.320\4. Singles\2002 - By The Way (Single 3 CD)\Europe CD\01. By The Way (Album Version).mp3	5
\\NASSY\Music\Incubus\+Singles\2001 - Drive (Single)\01 - Incubus - Drive (Album Version).mp3	5
\\NASSY\Music\Disturbed Discography\Indestructible\02 Inside The Fire.mp3	5
"\\NASSY\Music\Ed Sheeran\11 Thinking Out Loud.mp3"	5
\\NASSY\Music\Ed Sheeran\Ed Sheeran - The Best Songs (2016) [MP3~320Kbps]~[Hunter] [FRG]\Ed Sheeran - The Best Songs\Ed Sheeran - Photograph.mp3	5
"\\NASSY\Music\Dio - Diamonds The Best Of Dio (1992) mp3 320 vtwin88cube\02.Rainbow In The Dark.mp3"	5
"\\NASSY\Music\Jack Johnson - Greatest Hits 2012\09 - Jack Johnson - Sitting Waiting Wishing.mp3"	5
"\\NASSY\Music\Unorganized\04 - Gunfight - Sick Puppies.mp3"	5
\\NASSY\Music\Israel_Kamakawiwoole_-_Somewhere_Over_The_Rainbow-_The_Best_Of_-2011-DMXCrew\01-Israel_Kamakawiwoole-Over_The_Rainbow.mp3	5
"\\NASSY\Music\Meatloaf - Bat Out Of Hell I and II 2CD [Bubanee]\Bat Out Of Hell [Bubanee]\01 - Bat Out Of Hell.mp3"	5
"\\NASSY\Music\Meatloaf - Bat Out Of Hell I and II 2CD [Bubanee]\Bat Out Of Hell [Bubanee]\03 - Heaven Can Wait.mp3"	5
"\\NASSY\Music\Meatloaf - Bat Out Of Hell I and II 2CD [Bubanee]\Bat Out Of Hell [Bubanee]\10 - Dead Ringer For Love.mp3"	5
"\\NASSY\Music\Meatloaf - Bat Out Of Hell I and II 2CD [Bubanee]\Bat Out Of Hell [Bubanee]\06 - Paradise By The Dashboard Light.mp3"	5
"\\NASSY\Music\Classic Rock Music - Compilation Mix - Playlist\Led Zeppelin - Immigrant Song.mp3"	5
"\\NASSY\Music\Classic Rock Music - Compilation Mix - Playlist\Led Zeppelin - Good Times Bad Times.mp3"	5
\\NASSY\Music\Classic Rock Music - Compilation Mix - Playlist\Led Zeppelin - All My Love.mp3	5
\\NASSY\Music\NIRVANA DISCOGRAPHY @320Kbps CbR Mp3 [TuGAZx]\12 - The Ultimate Best Of Nirvana (2011)\12. The Man Who Sold The World.mp3	-5
\\NASSY\Music\NIRVANA DISCOGRAPHY @320Kbps CbR Mp3 [TuGAZx]\12 - The Ultimate Best Of Nirvana (2011)\12. The Man Who Sold The World (edited).mp3	5
"\\NASSY\Music\Unorganized\Sultans Of Swing (Alchemy).mp3"	5
\\NASSY\Music\Queen - The Ultimate Best Of Queen (2011) [mp3][www.lokotorrents.com]\08. Radio Ga Ga.mp3	5
\\NASSY\Music\Weezer [Discography]\2005 - Make Believe\02 - Perfect Situation.mp3	5
\\NASSY\Music\Weezer [Discography]\2008 - Weezer (The Red Album) [Deluxe Edition]\03 - Pork and Beans.mp3	5
\\NASSY\Music\Weezer [Discography]\2005 - Make Believe\01 - Beverly Hills.mp3	5
\\NASSY\Music\IMAGINE DRAGONS - DISCOGRAPHY (2009-15) [CHANNEL NEO]\[2013] Night Visions (Deluxe Edition)\05 - On Top Of The World.mp3	5
"\\NASSY\Music\P.O.D\Satellite\02 - P.O.D. - Alive.mp3"	5
\\NASSY\Music\Weezer [Discography]\1994 - Weezer (The Blue Album) [Deluxe Edition]\disc 1\04 - Buddy Holly - [Weezer].mp3	5
"\\NASSY\Music\Fleetwood Mac - Rumours - Remastered CD 320k plus xtra bonus (musicfromrizzo)\Fleetwood Mac - The Chain (remastered).mp3"	5
\\NASSY\Music\Muse\2003 Absolution\03 Time Is Running Out.mp3	5
"\\NASSY\Music\Tool - Complete Discography\Lateralus\05 - schism.mp3"	5
\\NASSY\Music\Muse\2006 Black Holes And Revelations\02 Starlight.mp3	5
\\NASSY\Music\Finger Eleven - discography (4 studio albums\Finger Eleven - Them Vs. You Vs. Me\01 - Paralyzer.mp3	3
\\NASSY\Music\Classic Rock Music - Compilation Mix - Playlist\Blue Öyster Cult - (Don't Fear) The Reaper.mp3	5
"\\NASSY\Music\Unorganized\Toto - Hold the Line.mp3"	5
"\\NASSY\Music\Unorganized\Eurythmics - Sweet Dreams.mp3"	5
"\\NASSY\Music\Classic Rock Music - Compilation Mix - Playlist\Led Zeppelin - Black Dog.mp3"	5
\\NASSY\Music\Unorganized\While My Guitar Gently Weeps (stage).mp3	5
"\\NASSY\Music\U2 - Discography\U2 - (1998) The Best Of 1980-1990\01 - Pride (In The Name Of Love).mp3"	5
"\\NASSY\Music\The Rolling Stones - Greatest Hits-Universal\CD 1\15. Ruby Tuesday.mp3"	5
"\\NASSY\Music\Best of Rock Collection (1980-1989) MP3\The Rolling Stones - Greatest Hits-Universal\CD 1\15. Ruby Tuesday.mp3"	-5
"\\NASSY\Music\More Classic Rock Music 2 - Compilation Mix - Playlist\The Rolling Stones - Ruby Tuesday.mp3"	-5
\\NASSY\Music\Classic Rock Music - Compilation Mix - Playlist\Black Sabbath - Iron Man.mp3	5
"\\NASSY\Music\Black Sabbath - The Black Box (Discography from 1970-1978)\Paranoid\04 Iron Man.mp3"	-5
"\\NASSY\Music\Unorganized\07 - The Beatles - Yellow Submarine.mp3"	5
"\\NASSY\Music\AFI - DISCOGRAPHY (1993-13) [CHANNEL NEO]\[2004] AFI [Official Compilation]\AFI - Girl's Not Grey.mp3"	5
"\\NASSY\Music\Modest Mouse Discography [2015] VØ CDRIP\MM +\Modest_Mouse-Float_On-(AUS_CDM)-2004-RTB\01-modest_mouse-float_on_(single_edit).mp3"	5
"\\NASSY\Music\Elton John - 1970-2002 Greatest Hits 2CD\CD1\04 - Rocket Man (I Think It's Going To Be A Long Long Time).mp3"	5
\\NASSY\Music\FOO FIGHTERS - DISCOGRAPHY (1995-14) [CHANNEL NEO]\[2007] Echoes, Silence, Patience And Grace (UK Release)\01 - The Pretender.mp3	5
\\NASSY\Music\Muse\2009 The Resistance\01 Uprising.mp3	5
\\NASSY\Music\Muse\The Resistance\01 Uprising.m4a	-5
"\\Nassy\Music\Unorganized\Steppenwolf - Born To Be Wild (Easy Rider) (1969).mp3"	5
\\Nassy\Music\U2 - Discography\U2 - (2002) The Best Of 1990-2000\03 - Beautiful Day.mp3	5
\\Nassy\Music\Coldplay - The Best Songs (2016)\Coldplay - Yellow .mp3	5
\\Nassy\Music\3 Doors Down - The Greatest Hits (2012)\04 - Here Without You [Remaster].mp3	5
\\Nassy\Music\PAPA ROACH - DISCOGRAPHY (1994-15) [CHANNEL NEO]\[2010] To Be Loved - The Best Of Papa Roach\02 - Last Resort.mp3	5
\\Nassy\Music\THE ARCADE FIRE - DISCOGRAPHY [CHANNEL NEO]\[2004] Funeral\09 - Rebellion (Lies).mp3	5
"\\Nassy\Music\Beastie Boys Discography 1986-2011 [FLAC] vtwin88cube\1986 - Licensed To Ill\08. - No Sleep Till Brooklyn.flac"	-5
"\\Nassy\Music\Beastie Boys Discography 1986-2011 [FLAC] vtwin88cube\1986 - Licensed To Ill\08. - No Sleep Till Brooklyn - louder.flac"	5
"\\Nassy\Music\Beastie Boys Discography 1986-2011 [FLAC] vtwin88cube\1999 - Anthology, The Sounds Of Science\CD2\21. - Intergalactic.flac"	5
"\\Nassy\Music\Beastie Boys Discography 1986-2011 [FLAC] vtwin88cube\1999 - Anthology, The Sounds Of Science\CD1\11. - Fight For Your Right.flac"	5
\\Nassy\Music\Pearl Jam - Discography\2. Live - Live Bootlegs\2003 - Live - Mansfield MA 11th July 2003 - 3 Disc Set\07-11-03 Mansfield, MA, Disc 3\15 Fortunate Son.mp3	5
\\Nassy\Music\R.H.C.P.-Discography.1984-2013.MP3.320\1. Studio Albums\1999 - Californication\04. Otherside.mp3	5
\\Nassy\Music\R.H.C.P.-Discography.1984-2013.MP3.320\1. Studio Albums\2002 - By the Way\07. Can't Stop.mp3	5
\\Nassy\Music\AcDc - Complete Discography Mp3 320Kbps\AcDc - 1997 - Bonfire\04 - Back In Black\07 -You Shook Me All Night Long.mp3	5
\\Nassy\Music\Elton John - Discography 1969-2008 Mp3 320 kbps\2 Live albums\1992 Live In Barcelona @320\03 I'm Still Standing.mp3	5
\\Nassy\Music\Classic Rock Music - Compilation Mix - Playlist\Led Zeppelin - Kashmir.mp3	5
\\Nassy\Music\Classic Rock Music - Compilation Mix - Playlist\The Beatles - Don't Let Me Down.mp3	5
\\Nassy\Music\AcDc - Complete Discography Mp3 320Kbps\AcDc - 1980 - Back In Black\06 -Back In Black.mp3	5
\\Nassy\Music\KORN - DISCOGRAPHY (1994-13) [CHANNEL NEO]\[1998] Follow The Leader (2 CD)\[CD 1] Follow The Leader\02 - Freak On A Leash.mp3	5
\\Nassy\Music\Bon Jovi - Greatest Hits - The Ultimate Collection [MP3-320][MJN]\CD1\03 - It's My Life.mp3	5
\\Nassy\Music\FALL OUT BOY - DISCOGRAPHY [CHANNEL NEO]\[2008] Folie a Deux\02 - I Don't Care.mp3	5
\\Nassy\Music\The White Stripes\2003 - Elephant\The White Stripes - 01 - Seven Nation Army.mp3	5
"G:\Music\Wheatus - Wheatus (2000) FLAC Soup\03. Teenage Dirtbag.flac"	5
"G:\Music\Thirty Seconds To Mars - Essentials (2018) Mp3 (320kbps) [Hunter]\Thirty Seconds To Mars - Essentials (2018)\01 - The Kill (Bury Me).mp3"	5
G:\Music\Scorpions - Best Songs\Disc II\01. Wind Of Change.mp3	5
G:\Music\Limp Bizkit - Greatest Hitz (2005) [320] vtwin88cube\04.-Break Stuff.mp3	5
G:\Music\Billy Idol - The Very Best Of Billy Idol (2008) [MP3 320] 88\05. Eyes Without A Face.mp3	5
"G:\Music\The Cranberries - Discography 1993-2019 (Mp3 320) 88\1994 - No Need To Argue\04 - Zombie.mp3"	5
G:\Music\Pixies - Дискография MP3\Albums\1988 - Surfer Rosa [Original]\07 - Where Is My Mind.mp3	5
G:\Music\Kiss - Kissworld. The Best of Kiss (Compilation) (2017)\03 - I Was Made For Lovin' You.mp3	5
\\Nassy\Music\The Smashing Pumpkins - Discografia\10. Greatest Hits  (2001)\Disc 1 (Rotten Apples)\06. The Smashing Pumpkins - Disarm.mp3	5
G:\Music\The Cranberries - Discography 1993-2019 (Mp3 320) 88\1993 - Linger (Single)\01 - Linger.mp3	1
"G:\Music\Unorganized\Len - Steal My Sunshine.mp3"	5
G:\Music\18.Kenny Loggins\Kenny Loggins\1997 Yesterday, Today, Tomorrow- The Greatest Hits\05 Danger Zone.mp3	5
"G:\Music\Unorganized\Red Hot Chili Peppers - Black Summer (Official Music Video).mp3"	5
"G:\Music\Chicago - Greatest Hits 40th Anniversery [Bubanee]\05 - Hard to Say I'm Sorry.mp3"	5
"G:\Music\The Neighbourhood - Discography 2012-2020 [FLAC] vtwin88cube\2012 - I'm Sorry (EP)\04 -Sweater Weather.flac"	5
"G:\Music\YEAH YEAH YEAHS - DISCOGRAPHY [CHANNEL NEO]\[2004] Maps [EP]\01 - Maps.mp3"	5
"G:\Music\Unorganized\AWOLNATION - Sail.mp3"	5
"G:\Music\Unorganized\Mumford & Sons - I Will Wait (Official Music Video).mp3"	5
G:\Music\Unorganized\The Suburbs - Arcade Fire.mp3	5
"G:\Music\Unorganized\MGMT Kids Video.mp3"	5
"G:\Music\Unorganized\Lamb of God - Redneck (Official HD Video).mp3"	5
"G:\Music\Foster the People - Essentials (2019) Mp3 320kbps Songs [PMEDIA]\02. Pumped Up Kicks.mp3"	5
G:\Music\Panic! At the Disco - Essentials (2020) Mp3 320kbps [PMEDIA] ⭐️\01.  High Hopes.mp3	5
"G:\Music\Unorganized\Here Comes The Sun (2019 Mix).mp3"	5
"G:\Music\Jason Mraz - Lalalalovesongs (2022) Mp3 320kbps [PMEDIA] ⭐️\01. I'm Yours.mp3"	5
"G:\Music\Fleetwood Mac - Discography 1968-2009 Mp3 320 kbps\3 Compilation albums\2000 The Very Best Of Fleetwood Mac @320\01 Don't Stop.mp3"	5
\\Nassy\Music\GODSMACK - DISCOGRAPHY (1998-14) [CHANNEL NEO]\[2012] Live & Inspired (2 CD)\CD 2 (Inspired)\02 - Come Together (The Beatles Cover).mp3	5
G:\Music\The Beatles [2009] Greatest Hits CDRip [Remastered][Bubanee]\01 come together.mp3	5